ticket,status,symbol,volume,set_price,direction,order_type,SL_abs,TP_abs,SL_bp,TP_bp,balance_at_set,equity_at_set,SL_acc_percent_at_set_(equity),TP_acc_percent_at_set_(equity),open_server_time,open_timestamp,open_price,balance_at_open,equity_at_open,SL_acc_percent_at_open_(equity),TP_acc_percent_at_open_(equity),close_server_time,close_timestamp,close_reason,close_price,points_abs,points_bp,balance_at_close,equity_at_close,P/L_abs,P/L_acc_percent_(equity),P/L_acc_percent_(balance),P/L_acc_percent_(estimate),display,is_shown
330424422,closed,US500,0.3,7676.5,buy,market,7660.0,7690.0,-21.5,17.6,37.0,37.0,-13.5,11.0,1789966603,1789955803,7676.5,37.0,37.0,-13.5,11.0,1789966945,1789956145,manual,7674.6,-1.9,-2.5,36.23,36.23,-0.57,-1.5,-1.5,,basis,True
330418883,closed,US500,0.1,7677.7,buy,market,,,,,37.0,37.0,,,1789965407,1789954607,7677.7,37.0,37.0,,,1789965508,1789954708,manual,7677.0,-0.7,-0.9,36.8,36.8,-0.07,-0.2,-0.2,,basis,True
330418041,closed,US500,0.1,7678.8,buy,market,,,,,37.0,37.0,,,1789965217,1789954417,7678.8,37.0,37.0,,,1789965273,1789954473,manual,7678.3,-0.5,-0.7,36.92,36.86,-0.05,-0.1,-0.1,,basis,True
330416608,closed,US500,0.1,7677.5,buy,market,,,,,37.0,37.0,,,1789964985,1789954185,7677.5,37.0,37.0,,,1789965101,1789954301,manual,7677.8,0.3,0.4,,,0.03,,,0.1,basis,True
330412837,closed,US500,0.1,7678.4,buy,market,,,,,37.0,37.0,,,1789964320,1789953520,7678.4,37.0,37.0,,,1789964344,1789953544,manual,7678.1,-0.3,-0.4,36.92,36.89,-0.03,-0.1,-0.1,,basis,True
330409945,closed,US500,0.3,7678.8,buy,market,7660.0,7690.0,-24.5,14.6,37.0,37.0,-15.2,9.0,1789963876,1789953076,7678.8,37.0,37.0,-15.2,9.0,1789963896,1789953096,manual,7678.1,-0.7,-0.9,37.13,36.92,-0.21,-0.6,-0.6,,basis,True
330406582,closed,US500,0.2,7677.3,buy,market,7660.0,7690.0,-22.5,16.5,37.0,37.0,-14.8,12.3,1789963492,1789952692,7677.3,37.0,37.0,-14.8,12.3,1789963630,1789952830,manual,7678.4,1.1,1.4,36.91,37.13,0.22,0.6,0.6,,basis,True
330324064,closed,ETHUSD,0.22,2632.54,buy,market,2600.0,2650.0,-1.2,0.7,38.0,38.0,-19.0,10.2,1789780143,1789769343,2632.54,38.0,38.0,-19.0,10.2,1789780148,1789769348,manual,2629.11,-3.4,-0.1,37.66,36.91,-0.75,-2.0,-2.0,,percent,True
329922826,closed,US500,0.1,7633.4,buy,market,,,,,38.0,38.0,,,1789704325,1789693525,7633.4,38.0,38.0,,,1789704352,1789693552,manual,7632.6,-0.8,-1.0,37.74,37.63,-0.08,-0.2,-0.2,,basis,True
329858717,closed,US500,0.1,7639.8,buy,market,,,,,38.0,38.0,,,1789679438,1789668638,7639.8,38.0,38.0,,,1789679443,1789668643,manual,7639.2,-0.6,-0.8,37.8,37.74,-0.06,-0.2,-0.2,,basis,True
329858674,closed,US500,0.1,7639.3,buy,market,,,,,38.0,38.0,,,1789679419,1789668619,7639.3,38.0,38.0,,,1789679430,1789668630,manual,7639.2,-0.1,-0.1,37.81,37.8,-0.01,-0.0,-0.0,,basis,True
329858615,closed,US500,0.4,7638.7,buy,market,,,,,38.0,38.0,,,1789679387,1789668587,7638.7,38.0,38.0,,,1789679393,1789668593,manual,7638.5,-0.2,-0.3,37.89,37.85,-0.08,-0.2,-0.2,,basis,True
329468506,closed,US500,0.4,7594.6,buy,market,,,,,,,,,1789614559,1789603759,7594.6,,,,,1789634138,1789623338,manual,7594.5,-0.1,-0.1,,,-0.04,,,-0.1,basis,True
329460827,closed,US500,0.1,7576.6,buy,market,,,,,,,,,1789611996,1789601196,7576.6,,,,,1789612017,1789601217,manual,7576.8,0.2,0.3,37.93,37.93,0.02,0.1,0.1,,basis,True
329460604,closed,US500,0.1,7577.5,buy,market,,,,,38.0,38.0,,,1789611914,1789601114,7577.5,38.0,38.0,,,1789611927,1789601127,manual,7577.4,-0.1,-0.1,37.92,37.91,-0.01,-0.0,-0.0,,basis,True
329460456,closed,US500,0.1,7577.0,buy,market,,,,,38.0,38.0,,,1789611868,1789601068,7577.0,38.0,38.0,,,1789611905,1789601105,manual,7577.1,0.1,0.1,37.92,37.92,0.01,0.0,0.0,,basis,True
329450638,closed,US500,0.1,7564.3,buy,market,,,,,38.0,38.0,,,1789608514,1789597714,7564.3,38.0,38.0,,,1789608541,1789597741,manual,7564.4,0.1,0.1,37.91,37.91,0.01,0.0,0.0,,basis,True
329447366,closed,US500,0.1,7554.7,buy,market,,,,,37.0,37.0,,,1789606880,1789596080,7554.7,37.0,37.0,,,1789607613,1789596813,manual,7559.3,4.6,6.1,,,0.46,,,1.3,basis,True
329432905,closed,US500,0.1,7555.4,buy,market,,,,,38.0,37.0,,,1789599663,1789588863,7555.4,38.0,37.0,,,1789599688,1789588888,manual,7554.5,-0.9,-1.2,37.44,37.44,-0.09,-0.2,-0.2,,basis,True
329429171,closed,US500,0.1,7550.1,buy,market,7500.0,7650.0,-66.4,132.3,37.0,37.0,-13.5,13.4,1789599033,1789588233,7550.1,37.0,37.0,-13.5,13.4,1789599521,1789588721,manual,7552.7,2.6,3.4,37.53,37.53,0.26,0.7,0.7,,basis,True
328425962,closed,US500,0.1,7626.1,buy,market,,,,,37.0,37.0,,,1789443367,1789432567,7626.1,37.0,37.0,,,1789443390,1789432590,manual,7626.1,0.0,0.0,37.27,37.27,-0.0,-0.0,-0.0,,basis,True
328425276,closed,US500,0.1,7625.8,buy,market,,,,,37.0,37.0,,,1789443137,1789432337,7625.8,37.0,37.0,,,1789443258,1789432458,manual,7624.9,-0.9,-1.2,,,-0.09,,,-0.2,basis,True
328423204,closed,US500,0.1,7626.9,buy,market,7620.0,7700.0,-9.0,95.8,38.0,38.0,,,1789442804,1789432004,7626.9,38.0,38.0,,,1789442896,1789432096,manual,7624.7,-2.2,-2.9,37.36,37.36,-0.22,-0.6,-0.6,,basis,True
328422576,closed,US500,0.1,7626.1,buy,market,7610.0,7700.0,-21.1,96.9,38.0,37.0,-7.0,19.7,1789442681,1789431881,7626.1,38.0,37.0,-7.0,19.7,1789442739,1789431939,manual,7626.6,0.5,0.7,37.58,37.58,0.05,0.1,0.1,,basis,True
328422466,closed,US500,0.1,7625.4,buy,market,,,,,38.0,38.0,,,1789442651,1789431851,7625.4,38.0,38.0,,,1789442661,1789431861,manual,7625.0,-0.4,-0.5,37.53,37.53,-0.04,-0.1,-0.1,,basis,True
328420929,closed,US500,0.1,7623.8,buy,market,,,,,38.0,38.0,,,1789442299,1789431499,7623.8,38.0,38.0,,,1789442315,1789431515,manual,7623.0,-0.8,-1.0,37.57,37.57,-0.08,-0.2,-0.2,,basis,True
328420580,closed,US500,0.1,7624.4,buy,market,,,,,38.0,38.0,,,1789442219,1789431419,7624.4,38.0,38.0,,,1789442247,1789431447,manual,7623.6,-0.8,-1.0,37.65,37.65,-0.08,-0.2,-0.2,,basis,True
328419352,closed,US500,0.1,7626.7,buy,market,7600.0,7700.0,-35.0,96.1,38.0,38.0,-7.1,19.4,1789441837,1789431037,7626.7,38.0,38.0,-7.1,19.4,1789441858,1789431058,manual,7625.5,-1.2,-1.6,37.73,37.73,-0.12,-0.3,-0.3,-0.3,basis,True
328390260,closed,US500,0.1,7622.6,buy,market,7600.0,7680.0,-29.6,75.3,,,-6.0,15.2,1789427317,1789416517,7622.6,,,-6.0,15.2,1789427466,1789416666,manual,7622.1,-0.5,-0.7,37.85,37.85,-0.05,-0.1,-0.1,-0.1,basis,True
328389649,closed,US500,0.1,7623.4,buy,market,7600.0,7700.0,-30.7,100.5,38.0,38.0,-6.2,20.2,1789427100,1789416300,7623.4,38.0,38.0,-6.2,20.2,1789427164,1789416364,manual,7622.0,-1.4,-1.8,37.9,37.9,-0.14,-0.4,-0.4,,basis,True
328384155,closed,US500,0.1,7632.7,buy,market,7590.0,7650.0,-55.9,22.7,38.0,38.0,-11.2,4.5,1789426040,1789415240,7632.7,38.0,38.0,-11.2,4.5,1789426062,1789415262,manual,7632.4,-0.3,-0.4,38.04,38.04,-0.03,-0.1,-0.1,,basis,True
328383729,closed,US500,0.2,7632.1,buy,market,7600.0,7650.0,-42.1,23.5,38.0,38.0,-16.9,9.4,1789425924,1789415124,7632.1,38.0,38.0,-16.9,9.4,1789425983,1789415183,manual,7632.5,0.4,0.5,38.07,38.07,0.08,0.2,0.2,,basis,True
328382788,closed,US500,0.1,7632.2,buy,market,7620.0,7700.0,-16.0,88.8,38.0,38.0,-3.2,17.8,1789425558,1789414758,7632.2,38.0,38.0,-3.2,17.8,1789425580,1789414780,manual,7631.7,-0.5,-0.7,37.99,37.99,-0.05,-0.1,-0.1,,basis,True
328381669,closed,US500,0.1,7633.0,buy,market,7610.0,7700.0,-30.1,87.8,38.0,38.0,-6.0,17.6,1789425280,1789414480,7633.0,38.0,38.0,-6.0,17.6,1789425327,1789414527,manual,7632.2,-0.8,-1.0,38.04,38.04,-0.08,-0.2,-0.2,,basis,True
328380440,closed,US500,0.1,7632.9,buy,market,7600.0,7700.0,-43.1,87.9,38.0,38.0,-8.6,17.6,1789424877,1789414077,7632.9,38.0,38.0,-8.6,17.6,1789424895,1789414095,manual,7632.7,-0.2,-0.3,38.12,38.12,-0.02,-0.1,-0.1,,basis,True
328379651,closed,US500,0.1,7632.7,buy,market,7600.0,7700.0,-42.8,88.2,38.0,38.0,-8.6,17.6,1789424673,1789413873,7632.7,38.0,38.0,-8.6,17.6,1789424717,1789413917,manual,7633.3,0.6,0.8,38.14,38.14,0.06,0.2,0.2,,basis,True
327801889,closed,US500,0.1,7670.5,buy,market,,,,,38.0,38.0,,,1789161206,1789150406,7670.5,38.0,38.0,,,1789161212,1789150412,manual,7669.9,-0.6,-0.8,38.08,38.08,-0.06,-0.2,-0.2,,basis,True
327801333,closed,US500,0.1,7671.0,buy,market,,,,,38.0,38.0,,,1789161031,1789150231,7671.0,38.0,38.0,,,1789161062,1789150262,manual,7670.9,-0.1,-0.1,,,-0.01,,,-0.0,basis,True
327800890,closed,US500,0.1,7670.3,buy,market,,,,,38.0,38.0,,,1789160935,1789150135,7670.3,38.0,38.0,,,1789160964,1789150164,manual,7670.6,0.3,0.4,38.15,38.15,0.03,0.1,0.1,,basis,True
327800279,closed,US500,0.1,7672.1,buy,market,,,,,38.0,38.0,,,1789160796,1789149996,7672.1,38.0,38.0,,,1789160903,1789150103,SL,7669.9,-2.2,-2.9,38.12,38.12,-0.22,-0.6,-0.6,,basis,True
327799799,closed,US500,0.1,7673.6,buy,market,,,,,,,,,1789160660,1789149860,7673.6,,,,,1789160672,1789149872,manual,7672.4,-1.2,-1.6,38.34,38.34,-0.12,-0.3,-0.3,,basis,True
327799690,closed,US500,0.1,7673.1,buy,market,,,,,38.0,38.0,,,1789160607,1789149807,7673.1,38.0,38.0,,,1789160627,1789149827,manual,7673.3,0.2,0.3,38.46,38.46,0.02,0.1,0.1,0.1,basis,True
327799437,closed,US500,0.1,7672.6,buy,market,,,,,38.0,38.0,,,1789160522,1789149722,7672.6,38.0,38.0,,,1789160536,1789149736,manual,7672.9,0.3,0.4,38.44,38.44,0.03,0.1,0.1,0.1,basis,True
327799227,closed,US500,0.1,7671.8,buy,market,,,,,38.0,38.0,,,1789160453,1789149653,7671.8,38.0,38.0,,,1789160475,1789149675,manual,7671.4,-0.4,-0.5,38.41,38.41,-0.04,-0.1,-0.1,,basis,True
327785399,closed,US500,0.1,7670.0,buy,market,,,,,,,,,1789156722,1789145922,7670.0,,,,,1789156807,1789146007,TP,7671.4,1.4,1.8,38.45,38.45,0.14,0.4,0.4,0.4,basis,True
327435130,closed,US500,0.8,7598.0,buy,market,7581.9,7612.3,-21.2,18.8,39.0,38.0,-33.6,29.9,1789108143,1789097343,7598.0,39.0,38.0,-33.6,29.9,1789108153,1789097353,manual,7597.6,-0.4,-0.5,38.31,38.31,-0.32,-0.8,-0.8,-0.8,basis,True
326333206,closed,US500,0.1,7686.7,sell,market,,,,,,,,,1788903606,1788892806,7686.7,,,,,1788903615,1788892815,manual,7687.2,0.5,0.7,,,-0.05,,,-0.1,basis,True
326329977,closed,US500,0.1,7690.7,buy,market,7667.6,7736.9,-30.0,60.1,39.0,39.0,-5.9,11.9,1788903304,1788892504,7690.7,,,,,1788903308,1788892508,manual,7690.1,-0.6,-0.8,38.83,38.83,-0.06,-0.2,-0.2,-0.2,basis,True
326329836,closed,US500,0.1,7692.5,buy,market,,,,,,,,,1788902584,1788891784,7692.5,,,,,1788902610,1788891810,manual,7691.7,-0.8,-1.0,,,-0.08,,,-0.2,basis,True
326327056,closed,US500,0.1,7693.5,buy,market,,,,,,,,,1788901591,1788890791,7693.5,,,,,1788901610,1788890810,manual,7693.0,-0.5,-0.6,38.97,38.97,-0.05,-0.1,-0.1,-0.1,basis,True
326321788,closed,US500,0.1,7690.8,buy,market,,,,,,,,,1788900162,1788889362,7690.8,,,,,1788900299,1788889499,manual,7688.9,-1.9,-2.5,39.15,39.15,-0.19,-0.5,-0.5,-0.5,basis,True
326320455,closed,US500,0.1,7693.5,buy,market,,,,,,,,,1788899988,1788889188,7693.5,,,,,1788900026,1788889226,manual,7691.2,-2.3,-3.0,39.34,39.34,-0.23,-0.6,-0.6,-0.6,basis,True
326319352,closed,US500,0.1,7693.2,buy,market,,,,,,,,,1788899823,1788889023,7693.2,,,,,1788899868,1788889068,manual,7693.3,0.1,0.1,,,0.01,,,0.0,basis,True
326319249,closed,US500,0.1,7693.8,buy,market,,,,,,,,,1788899806,1788889006,7693.8,,,,,1788899817,1788889017,manual,7692.8,-1.0,-1.3,39.56,39.56,-0.1,-0.3,-0.3,-0.3,basis,True
325179640,closed,ETHUSD,0.01,2494.63,buy,market,,,,,,,,,1788714092,1788703292,2494.63,,,,,1788714110,1788703310,manual,2492.53,-2.1,-0.1,39.69,39.69,-0.02,-0.1,-0.1,-0.1,percent,True
325179562,closed,ETHUSD,0.01,2497.14,buy,market,,,,,,,,,1788713616,1788702816,2497.14,,,,,1788713765,1788702965,manual,2493.91,-3.2,-0.1,39.71,39.71,-0.03,-0.1,-0.1,-0.1,percent,True
323041662,closed,US500,0.1,7687.5,buy,market,,,,,,,,,1788240379,1788229579,7687.5,,,,,1788240494,1788229694,manual,7686.9,-0.6,-0.8,,,-0.06,,,-0.1,basis,True
315053487,closed,US500,0.6,7751.0,buy,limit,7743.0,7767.0,-10.3,20.6,,,,,1786390319,1786379519,7751.0,,,,,1786390320,1786379520,SL,7742.1,-8.9,-11.5,,,-5.34,,,-11.7,basis,True
314490208,closed,US500,0.6,7730.5,buy,market,,,,,,,,,1786120192,1786109392,7730.5,,,,,1786122730,1786111930,SL,7719.5,-11.0,-14.2,,,-6.6,,,-14.1,basis,True
311840446,closed,US500,0.7,7477.9,sell,market,,,,,,,,,1785530873,1785520073,7477.9,,,,,1785536253,1785525453,SL,7490.3,12.4,16.6,,,-8.68,,,-17.7,basis,True
311840771,closed,US500,0.2,7477.9,buy,stop,7454.0,7490.0,-32.1,16.0,,,,,1785531126,1785520326,7478.0,,,,,1785536253,1785525453,TP,7490.1,12.1,16.2,,,2.42,,,6.4,basis,True
311742441,closed,US500,0.6,7439.9,sell,market,,,,,,,,,1785516890,1785506090,7439.9,,,,,1785517609,1785506809,manual,7421.0,-18.9,-25.4,,,11.34,,,39.2,basis,True
311620630,closed,US500,0.9,7464.0,buy,limit,7457.0,7478.0,-9.4,18.8,,,,,1785510191,1785499391,7464.0,,,,,1785511385,1785500585,SL,7456.8,-7.2,-9.6,,,-6.48,,,-13.9,basis,True
311423183,closed,US500,0.7,7411.9,sell,market,,,,,,,,,1785441484,1785430684,7411.9,,,,,1785441636,1785430836,SL,7422.2,10.3,13.9,,,-7.21,,,-15.2,basis,True
311311080,closed,US500,0.6,7372.1,buy,market,,,,,,,,,1785436162,1785425362,7372.1,,,,,1785437180,1785426380,TP,7391.7,19.6,26.6,,,11.76,,,41.2,basis,True
311146668,closed,US500,0.6,7359.9,sell,market,,,,,,,,,1785419158,1785408358,7359.9,,,,,1785423249,1785412449,SL,7370.0,10.1,13.7,,,-6.06,,,-13.1,basis,True
310987118,closed,US500,0.1,7351.4,buy,market,,,,,,,,,1785385239,1785374439,7351.4,,,,,1785385297,1785374497,manual,7349.6,-1.8,-2.4,,,-0.18,,,-0.4,basis,True
310922264,closed,US500,0.4,7331.3,sell,market,,,,,,,,,1785365607,1785354807,7331.3,,,,,1785366258,1785355458,TP,7302.2,-29.1,-39.7,,,11.64,,,40.6,basis,True
310920281,closed,US500,0.5,7332.5,sell,market,,,,,,,,,1785365255,1785354455,7332.5,,,,,1785365615,1785354815,manual,7330.7,-1.8,-2.5,,,0.72,,,1.8,basis,True
310351555,closed,US500,0.5,7427.7,buy,market,7414.0,7451.0,-18.4,31.4,,,,,1785306002,1785295202,7427.7,,,,,1785308124,1785297324,SL,7413.7,-14.0,-18.8,,,-7.0,,,-14.8,basis,True
310252805,closed,US500,0.6,7432.0,buy,market,,,,,,,,,1785274876,1785264076,7432.0,,,,,1785274883,1785264083,manual,7431.6,-0.4,-0.5,,,-0.24,,,-0.6,basis,True
310100714,closed,US500,0.1,7424.0,buy,limit,,8100.0,,910.6,60.0,60.0,,,1785253982,1785243182,7424.0,,,,,1785254023,1785243223,manual,7423.6,-0.4,-0.5,,,-0.04,,,-0.1,basis,True
310100639,closed,US500,0.1,7425.0,buy,stop,,8000.0,,774.1,60.0,60.0,,,1785253945,1785243145,7425.2,,,,,1785254018,1785243218,manual,7423.6,-1.6,-2.2,,,-0.16,,,-0.3,basis,True
310100517,closed,US500,0.1,7424.5,buy,market,,,,,,,,,1785253892,1785243092,7424.5,,,,,1785253898,1785243098,manual,7423.6,-0.9,-1.2,,,-0.09,,,-0.2,basis,True
310095875,closed,US500,0.1,7420.4,buy,market,,,,,,,,,1785253268,1785242468,7420.4,,,,,1785253274,1785242474,manual,7420.3,-0.1,-0.1,,,-0.01,,,-0.0,basis,True
310093758,closed,US500,0.1,7420.9,buy,market,,,,,,,,,1785252850,1785242050,7420.9,,,,,1785252858,1785242058,manual,7422.0,1.1,1.5,,,0.11,,,0.3,basis,True
310091329,closed,US500,0.1,7423.5,buy,market,,,,,,,,,1785252572,1785241772,7423.5,,,,,1785252596,1785241796,manual,7424.1,0.6,0.8,,,0.06,,,0.1,basis,True
310090776,closed,US500,0.1,7424.2,buy,market,,,,,,,,,1785252456,1785241656,7424.2,,,,,1785252463,1785241663,manual,7425.1,0.9,1.2,,,0.09,,,0.2,basis,True
310090465,closed,US500,0.1,7422.7,buy,market,,,,,,,,,1785252387,1785241587,7422.7,,,,,1785252404,1785241604,manual,7423.1,0.4,0.5,,,0.04,,,0.1,basis,True
310090056,closed,US500,0.1,7420.7,buy,market,,,,,,,,,1785252323,1785241523,7420.7,,,,,1785252329,1785241529,manual,7420.2,-0.5,-0.7,,,-0.05,,,-0.1,basis,True
310089386,closed,US500,0.1,7420.5,buy,market,,,,,,,,,1785252216,1785241416,7420.5,,,,,1785252224,1785241424,manual,7419.6,-0.9,-1.2,,,-0.09,,,-0.2,basis,True
310081189,closed,US500,0.1,7413.0,buy,market,,8000.0,,791.9,,,,97.4,1785250553,1785239753,7413.0,,,,,1785250577,1785239777,manual,7412.8,-0.2,-0.3,,,-0.02,,,-0.0,basis,True
310078070,closed,US500,0.1,7401.0,buy,limit,,78000.0,,95391.2,60.0,60.0,,11708.0,1785249747,1785238947,7401.0,,,,,1785249793,1785238993,manual,7402.8,1.8,2.4,,,0.18,,,0.3,basis,True
310023848,closed,US500,0.1,7407.6,buy,market,,,,,,,,,1785238456,1785227656,7407.6,,,,,1785238472,1785227672,manual,7410.6,3.0,4.0,,,0.3,,,0.8,basis,True
310023504,closed,US500,0.1,7406.7,buy,market,,,,,,,,,1785238386,1785227586,7406.7,,,,,1785238401,1785227601,manual,7406.3,-0.4,-0.5,,,-0.04,,,-0.1,basis,True
309841944,closed,US500,0.5,7387.9,buy,market,,,,,,,,,1785183107,1785172307,7387.9,,,,,1785189164,1785178364,TP,7407.3,19.4,26.3,,,9.7,,,31.7,basis,True
309806550,closed,US500,0.4,7395.2,buy,limit,7385.2,7415.2,-13.5,27.0,,,-6.7,13.4,1785177362,1785166562,7395.2,,,,,1785180310,1785169510,TP,7415.6,20.4,27.6,,,8.16,,,25.4,basis,True
309807340,closed,US500,0.4,7396.7,buy,market,,,,,,,,,1785177352,1785166552,7396.7,,,,,1785177369,1785166569,manual,7395.3,-1.4,-1.9,,,-0.56,,,-1.4,basis,True
309551027,closed,US500,0.3,7457.3,buy,market,,,,,,,,,1785126641,1785115841,7457.3,,,,,1785138876,1785128076,TP,7473.0,15.7,21.1,,,4.71,,,13.2,basis,True
309551157,closed,US500,0.1,7459.7,buy,market,,,,,,,,,1785126685,1785115885,7459.7,,,,,1785138876,1785128076,TP,7473.0,13.3,17.8,,,1.33,,,3.4,basis,True
309451694,closed,BTCUSD,0.01,64569.94,buy,market,,,,,,,,,1785078969,1785068169,64569.94,,,,,1785078979,1785068179,manual,64548.88,-21.1,-0.0,,,-0.21,,,-0.5,percent,True
309451273,closed,BTCUSD,0.01,64457.67,buy,market,,,,,,,,,1785076343,1785065543,64457.67,,,,,1785076408,1785065608,manual,64436.0,-21.7,-0.0,,,-0.22,,,-0.5,percent,True
309450883,closed,BTCUSD,0.01,64447.16,sell,market,,,,,,,,,1785071386,1785060586,64447.16,,,,,1785071397,1785060597,manual,64472.15,25.0,0.0,,,-0.25,,,-0.6,percent,True
309439098,closed,BTCUSD,0.01,64016.88,buy,market,,,,,,,,,1784952654,1784941854,64016.88,,,,,1784952678,1784941878,manual,63958.09,-58.8,-0.1,,,-0.59,,,-1.4,percent,True
309252401,closed,US500,0.1,7430.2,buy,market,,,,,,,,,1784896840,1784886040,7430.2,,,,,1784897140,1784886340,manual,7429.5,-0.7,-0.9,,,-0.07,,,-0.2,basis,True
309251036,closed,US500,0.1,7428.4,buy,market,,,,,,,,,1784896305,1784885505,7428.4,,,,,1784896339,1784885539,manual,7428.0,-0.4,-0.5,,,-0.04,,,-0.1,basis,True
309250315,closed,US500,0.1,7427.9,buy,market,,,,,,,,,1784896165,1784885365,7427.9,,,,,1784896183,1784885383,manual,7428.0,0.1,0.1,,,0.01,,,0.0,basis,True
309239707,closed,US500,0.1,7423.1,buy,market,,,,,,,,,1784893560,1784882760,7423.1,,,,,1784895544,1784884744,manual,7422.2,-0.9,-1.2,,,-0.09,,,-0.2,basis,True
309231759,closed,US500,0.1,7413.8,sell,market,,,,,,,,,1784891621,1784880821,7413.8,,,,,1784891763,1784880963,manual,7415.9,2.1,2.8,,,-0.21,,,-0.5,basis,True
309182006,closed,US500,0.1,7408.0,buy,stop,,,,,,,,,1784880382,1784869582,7408.0,,,,,1784880390,1784869590,manual,7407.6,-0.4,-0.5,,,-0.04,,,-0.1,basis,True
309181224,closed,US500,0.1,7406.5,buy,market,,,,,,,,,1784880191,1784869391,7406.5,,,,,1784880197,1784869397,manual,7405.8,-0.7,-0.9,,,-0.07,,,-0.2,basis,True
309181182,closed,US500,0.1,7406.2,buy,market,,,,,,,,,1784880176,1784869376,7406.2,,,,,1784880186,1784869386,manual,7406.1,-0.1,-0.1,,,-0.01,,,-0.0,basis,True
309180048,closed,US500,0.1,7407.5,buy,stop,,,,,,,,,1784879874,1784869074,7407.5,,,,,1784879879,1784869079,manual,7407.0,-0.5,-0.7,,,-0.05,,,-0.1,basis,True
309179861,closed,US500,0.1,7406.0,buy,stop,,,,,,,,,1784879834,1784869034,7405.9,,,,,1784879852,1784869052,manual,7406.3,0.4,0.5,,,0.04,,,0.1,basis,True
309179788,closed,US500,0.1,7406.0,buy,market,,,,,,,,,1784879730,1784868930,7406.0,,,,,1784879749,1784868949,manual,7405.3,-0.7,-0.9,,,-0.07,,,-0.2,basis,True
309179641,closed,US500,0.1,7405.5,buy,market,,,,,,,,,1784879646,1784868846,7405.5,,,,,1784879688,1784868888,manual,7405.8,0.3,0.4,,,0.03,,,0.1,basis,True
309176279,closed,US500,0.1,7407.0,buy,stop,,,,,,,,,1784878034,1784867234,7407.5,,,,,1784878043,1784867243,manual,7407.5,0.0,0.0,,,0.0,,,0.0,basis,True
309176222,closed,US500,0.1,7407.0,buy,stop,,,,,38.0,38.0,,,1784877929,1784867129,7407.0,,,,,1784877939,1784867139,manual,7406.0,-1.0,-1.4,,,-0.1,,,-0.3,basis,True
309175980,closed,US500,0.1,7405.2,buy,market,,,,,,,,,1784877807,1784867007,7405.2,,,,,1784877815,1784867015,manual,7405.3,0.1,0.1,,,0.01,,,0.0,basis,True
309175767,closed,US500,0.1,7401.5,buy,market,,,,,,,,,1784877696,1784866896,7401.5,,,,,1784877707,1784866907,manual,7401.0,-0.5,-0.7,,,-0.05,,,-0.1,basis,True
309175083,closed,US500,0.1,7401.0,buy,market,,,,,,,,,1784877269,1784866469,7401.0,,,,,1784877659,1784866859,manual,7401.3,0.3,0.4,,,0.03,,,0.1,basis,True
309170863,closed,US500,0.1,7403.5,buy,market,,,,,,,,,1784875436,1784864636,7403.5,,,,,1784875491,1784864691,manual,7402.8,-0.7,-0.9,,,-0.07,,,-0.2,basis,True
308902034,closed,US500,0.3,7457.2,sell,market,7467.0,7437.0,13.1,-27.1,,,9.0,-18.6,1784817390,1784806590,7457.2,,,,,1784821018,1784810218,TP,7436.9,-20.3,-27.2,,,6.09,,,18.8,basis,True
308891846,closed,US500,0.1,7471.5,buy,limit,7459.0,7496.5,-16.3,33.9,33.0,33.0,-3.8,7.6,1784816565,1784805765,7471.2,,,,,1784816614,1784805814,manual,7469.5,-1.7,-2.3,,,-0.17,,,-0.5,basis,True
308892533,closed,US500,0.1,7471.5,buy,limit,7459.0,7496.5,-16.3,33.9,33.0,33.0,-3.8,7.6,1784816565,1784805765,7471.2,,,,,1784816611,1784805811,manual,7469.9,-1.3,-1.7,,,-0.13,,,-0.4,basis,True
305529208,closed,US500,0.1,7497.2,buy,market,7480.0,7530.0,-22.9,43.7,,,-5.2,6.9,1784013025,1784002225,7497.2,,,,,1784013115,1784002315,manual,7495.9,-1.3,-1.7,,,-0.13,,,-0.4,basis,True
